record_type,observed_at,event_time,cycle_id,latency_ms,prediction,actual_breakage,drift_score,model_name,model_version,cpu_pct,mem_usage_mib,mem_limit_mib,mem_pct
docker_stats,2026-03-09T22:27:28.125360+00:00,,,,,,,,,413.17,127.3,15974.4,0.8
docker_stats,2026-03-09T22:27:30.655349+00:00,,,,,,,,,245.62,127.6,15974.4,0.8
docker_stats,2026-03-09T22:27:33.190462+00:00,,,,,,,,,363.03,127.4,15974.4,0.8
docker_stats,2026-03-09T22:27:36.201301+00:00,,,,,,,,,425.44,127.5,15974.4,0.8
docker_stats,2026-03-09T22:27:38.729995+00:00,,,,,,,,,251.38,127.8,15974.4,0.8
docker_stats,2026-03-09T22:27:41.260665+00:00,,,,,,,,,357.62,127.3,15974.4,0.8
docker_stats,2026-03-09T22:27:44.629569+00:00,,,,,,,,,0.01,127.3,15974.4,0.8
inference_event,,2026-03-09 22:27:26.852334+00,1,25.8701,1,1,0.251696,cnc_tool_breakage_classifier,1,,,,
inference_event,,2026-03-09 22:27:26.902833+00,2,57.6119,1,0,0.18826,cnc_tool_breakage_classifier,1,,,,
inference_event,,2026-03-09 22:27:26.954539+00,3,12.5537,1,1,0.146317,cnc_tool_breakage_classifier,1,,,,
inference_event,,2026-03-09 22:27:27.005852+00,4,80.1263,1,0,0.244902,cnc_tool_breakage_classifier,1,,,,
inference_event,,2026-03-09 22:27:27.056795+00,5,5.342,1,1,0.220336,cnc_tool_breakage_classifier,1,,,,
inference_event,,2026-03-09 22:27:27.107839+00,6,6.3727,1,1,0.261081,cnc_tool_breakage_classifier,1,,,,
inference_event,,2026-03-09 22:27:27.158794+00,7,15.5276,1,1,0.205934,cnc_tool_breakage_classifier,1,,,,
inference_event,,2026-03-09 22:27:27.209794+00,8,6.7328,0,1,0.192246,cnc_tool_breakage_classifier,1,,,,
inference_event,,2026-03-09 22:27:27.261668+00,9,15.8441,1,1,0.157938,cnc_tool_breakage_classifier,1,,,,
inference_event,,2026-03-09 22:27:27.313265+00,10,4.0954,0,1,0.265459,cnc_tool_breakage_classifier,1,,,,
inference_event,,2026-03-09 22:27:27.367693+00,11,40.389,0,0,0.253719,cnc_tool_breakage_classifier,1,,,,
inference_event,,2026-03-09 22:27:27.419443+00,12,46.0855,1,1,0.221231,cnc_tool_breakage_classifier,1,,,,
inference_event,,2026-03-09 22:27:27.471929+00,13,55.6644,1,0,0.32233,cnc_tool_breakage_classifier,1,,,,
inference_event,,2026-03-09 22:27:27.522865+00,14,45.3554,1,1,0.418271,cnc_tool_breakage_classifier,1,,,,
inference_event,,2026-03-09 22:27:27.573798+00,15,62.68,1,1,0.266544,cnc_tool_breakage_classifier,1,,,,
inference_event,,2026-03-09 22:27:27.624842+00,16,24.9255,1,1,0.320826,cnc_tool_breakage_classifier,1,,,,
inference_event,,2026-03-09 22:27:27.675847+00,17,2.9786,0,1,0.226476,cnc_tool_breakage_classifier,1,,,,
inference_event,,2026-03-09 22:27:27.72706+00,18,35.746,1,0,0.306732,cnc_tool_breakage_classifier,1,,,,
inference_event,,2026-03-09 22:27:27.777901+00,19,2.9776,1,1,0.215657,cnc_tool_breakage_classifier,1,,,,
inference_event,,2026-03-09 22:27:27.829179+00,20,7.3662,1,0,0.324589,cnc_tool_breakage_classifier,1,,,,
inference_event,,2026-03-09 22:27:27.881213+00,21,5.9655,1,1,0.208495,cnc_tool_breakage_classifier,1,,,,
inference_event,,2026-03-09 22:27:27.933168+00,22,7.2175,1,1,0.288373,cnc_tool_breakage_classifier,1,,,,
inference_event,,2026-03-09 22:27:27.984254+00,23,8.7745,1,1,0.346885,cnc_tool_breakage_classifier,1,,,,
inference_event,,2026-03-09 22:27:28.035548+00,24,16.514,0,1,0.415339,cnc_tool_breakage_classifier,1,,,,
inference_event,,2026-03-09 22:27:28.0874+00,25,7.0817,1,1,0.157699,cnc_tool_breakage_classifier,1,,,,
inference_event,,2026-03-09 22:27:28.141305+00,26,4.2639,1,1,0.202482,cnc_tool_breakage_classifier,1,,,,
inference_event,,2026-03-09 22:27:28.196706+00,27,21.4465,0,0,0.277261,cnc_tool_breakage_classifier,1,,,,
inference_event,,2026-03-09 22:27:28.250189+00,28,84.1726,1,1,0.193981,cnc_tool_breakage_classifier,1,,,,
inference_event,,2026-03-09 22:27:28.300823+00,29,3.7195,0,1,0.333381,cnc_tool_breakage_classifier,1,,,,
inference_event,,2026-03-09 22:27:28.35216+00,30,7.7338,1,1,0.311792,cnc_tool_breakage_classifier,1,,,,
inference_event,,2026-03-09 22:27:28.404151+00,31,22.3981,1,0,0.274217,cnc_tool_breakage_classifier,1,,,,
inference_event,,2026-03-09 22:27:28.455085+00,32,74.9305,1,1,0.239947,cnc_tool_breakage_classifier,1,,,,
inference_event,,2026-03-09 22:27:28.505877+00,33,76.8033,1,1,0.261173,cnc_tool_breakage_classifier,1,,,,
inference_event,,2026-03-09 22:27:28.558153+00,34,76.7165,1,1,0.164965,cnc_tool_breakage_classifier,1,,,,
inference_event,,2026-03-09 22:27:28.609126+00,35,75.95,1,0,0.223177,cnc_tool_breakage_classifier,1,,,,
inference_event,,2026-03-09 22:27:28.660082+00,36,75.582,1,1,0.314866,cnc_tool_breakage_classifier,1,,,,
inference_event,,2026-03-09 22:27:28.711096+00,37,76.6898,1,1,0.304396,cnc_tool_breakage_classifier,1,,,,
inference_event,,2026-03-09 22:27:28.762153+00,38,20.1124,1,0,0.146819,cnc_tool_breakage_classifier,1,,,,
inference_event,,2026-03-09 22:27:28.813102+00,39,38.6374,1,0,0.352659,cnc_tool_breakage_classifier,1,,,,
inference_event,,2026-03-09 22:27:28.864075+00,40,15.8871,1,1,0.264535,cnc_tool_breakage_classifier,1,,,,
inference_event,,2026-03-09 22:27:28.91516+00,41,2.9971,1,1,0.337204,cnc_tool_breakage_classifier,1,,,,
inference_event,,2026-03-09 22:27:28.966078+00,42,2.6077,1,1,0.207559,cnc_tool_breakage_classifier,1,,,,
inference_event,,2026-03-09 22:27:29.017114+00,43,3.1378,1,1,0.246491,cnc_tool_breakage_classifier,1,,,,
inference_event,,2026-03-09 22:27:29.068226+00,44,3.1929,0,1,0.273575,cnc_tool_breakage_classifier,1,,,,
inference_event,,2026-03-09 22:27:29.1216+00,45,50.2664,1,1,0.193761,cnc_tool_breakage_classifier,1,,,,
inference_event,,2026-03-09 22:27:29.172815+00,46,15.9864,0,1,0.186443,cnc_tool_breakage_classifier,1,,,,
inference_event,,2026-03-09 22:27:29.225049+00,47,3.929,1,0,0.270341,cnc_tool_breakage_classifier,1,,,,
inference_event,,2026-03-09 22:27:29.278393+00,48,7.3001,0,1,0.443328,cnc_tool_breakage_classifier,1,,,,
inference_event,,2026-03-09 22:27:29.331414+00,49,4.3545,1,0,0.160671,cnc_tool_breakage_classifier,1,,,,
inference_event,,2026-03-09 22:27:29.386542+00,50,7.2049,1,1,0.259741,cnc_tool_breakage_classifier,1,,,,
inference_event,,2026-03-09 22:27:29.441332+00,51,8.6459,0,1,0.347705,cnc_tool_breakage_classifier,1,,,,
inference_event,,2026-03-09 22:27:29.49708+00,52,13.7232,1,1,0.167677,cnc_tool_breakage_classifier,1,,,,
inference_event,,2026-03-09 22:27:29.551099+00,53,18.4761,1,1,0.188447,cnc_tool_breakage_classifier,1,,,,
inference_event,,2026-03-09 22:27:29.607086+00,54,12.0318,1,0,0.196958,cnc_tool_breakage_classifier,1,,,,
inference_event,,2026-03-09 22:27:29.663164+00,55,41.3113,0,0,0.353809,cnc_tool_breakage_classifier,1,,,,
inference_event,,2026-03-09 22:27:29.715033+00,56,6.3724,1,1,0.353881,cnc_tool_breakage_classifier,1,,,,
inference_event,,2026-03-09 22:27:29.770682+00,57,16.1538,1,1,0.257496,cnc_tool_breakage_classifier,1,,,,
inference_event,,2026-03-09 22:27:29.824874+00,58,4.6107,1,0,0.24631,cnc_tool_breakage_classifier,1,,,,
inference_event,,2026-03-09 22:27:29.881197+00,59,5.7603,1,1,0.212876,cnc_tool_breakage_classifier,1,,,,
inference_event,,2026-03-09 22:27:29.932542+00,60,10.9135,1,1,0.508372,cnc_tool_breakage_classifier,1,,,,
inference_event,,2026-03-09 22:27:29.987191+00,61,9.1293,0,1,0.274623,cnc_tool_breakage_classifier,1,,,,
inference_event,,2026-03-09 22:27:30.043127+00,62,19.6337,1,1,0.319922,cnc_tool_breakage_classifier,1,,,,
inference_event,,2026-03-09 22:27:30.097468+00,63,9.2551,0,1,0.28343,cnc_tool_breakage_classifier,1,,,,
inference_event,,2026-03-09 22:27:30.149265+00,64,12.0775,1,0,0.282098,cnc_tool_breakage_classifier,1,,,,
inference_event,,2026-03-09 22:27:30.205105+00,65,8.0105,1,1,0.17961,cnc_tool_breakage_classifier,1,,,,
inference_event,,2026-03-09 22:27:30.261095+00,66,17.362,1,1,0.247085,cnc_tool_breakage_classifier,1,,,,
inference_event,,2026-03-09 22:27:30.317163+00,67,18.9211,1,1,0.285402,cnc_tool_breakage_classifier,1,,,,
inference_event,,2026-03-09 22:27:30.371629+00,68,15.2103,1,0,0.232804,cnc_tool_breakage_classifier,1,,,,
inference_event,,2026-03-09 22:27:30.422429+00,69,31.9015,0,1,0.310355,cnc_tool_breakage_classifier,1,,,,
inference_event,,2026-03-09 22:27:30.477277+00,70,9.5043,0,1,0.164758,cnc_tool_breakage_classifier,1,,,,
inference_event,,2026-03-09 22:27:30.533174+00,71,27.5592,1,1,0.303574,cnc_tool_breakage_classifier,1,,,,
inference_event,,2026-03-09 22:27:30.585612+00,72,3.1454,1,1,0.378476,cnc_tool_breakage_classifier,1,,,,
inference_event,,2026-03-09 22:27:30.640486+00,73,14.6451,1,0,0.350153,cnc_tool_breakage_classifier,1,,,,
inference_event,,2026-03-09 22:27:30.69613+00,74,10.5961,1,0,0.143623,cnc_tool_breakage_classifier,1,,,,
inference_event,,2026-03-09 22:27:30.751137+00,75,8.9101,1,1,0.144665,cnc_tool_breakage_classifier,1,,,,
inference_event,,2026-03-09 22:27:30.806263+00,76,8.7856,1,1,0.221293,cnc_tool_breakage_classifier,1,,,,
inference_event,,2026-03-09 22:27:30.857274+00,77,5.3773,1,1,0.14134,cnc_tool_breakage_classifier,1,,,,
inference_event,,2026-03-09 22:27:30.910764+00,78,10.6222,1,0,0.326886,cnc_tool_breakage_classifier,1,,,,
inference_event,,2026-03-09 22:27:30.966282+00,79,9.5588,1,0,0.331581,cnc_tool_breakage_classifier,1,,,,
inference_event,,2026-03-09 22:27:31.022114+00,80,6.8076,1,1,0.332167,cnc_tool_breakage_classifier,1,,,,
inference_event,,2026-03-09 22:27:31.077376+00,81,9.679,1,1,0.144623,cnc_tool_breakage_classifier,1,,,,
inference_event,,2026-03-09 22:27:31.132638+00,82,8.8201,1,1,0.229884,cnc_tool_breakage_classifier,1,,,,
inference_event,,2026-03-09 22:27:31.184472+00,83,10.1089,0,0,0.247337,cnc_tool_breakage_classifier,1,,,,
inference_event,,2026-03-09 22:27:31.240166+00,84,6.6148,1,1,0.238597,cnc_tool_breakage_classifier,1,,,,
inference_event,,2026-03-09 22:27:31.296165+00,85,8.2615,1,1,0.193699,cnc_tool_breakage_classifier,1,,,,
inference_event,,2026-03-09 22:27:31.349368+00,86,8.3161,1,1,0.277209,cnc_tool_breakage_classifier,1,,,,
inference_event,,2026-03-09 22:27:31.401585+00,87,16.9733,1,0,0.317398,cnc_tool_breakage_classifier,1,,,,
inference_event,,2026-03-09 22:27:31.454354+00,88,7.5437,1,0,0.134405,cnc_tool_breakage_classifier,1,,,,
inference_event,,2026-03-09 22:27:31.507326+00,89,5.405,1,1,0.227307,cnc_tool_breakage_classifier,1,,,,
inference_event,,2026-03-09 22:27:31.559546+00,90,8.2972,1,0,0.352589,cnc_tool_breakage_classifier,1,,,,
inference_event,,2026-03-09 22:27:31.610518+00,91,9.6389,1,1,0.274049,cnc_tool_breakage_classifier,1,,,,
inference_event,,2026-03-09 22:27:31.663461+00,92,30.6533,1,0,0.15363,cnc_tool_breakage_classifier,1,,,,
inference_event,,2026-03-09 22:27:31.717812+00,93,3.4189,0,1,0.254895,cnc_tool_breakage_classifier,1,,,,
inference_event,,2026-03-09 22:27:31.774151+00,94,63.866,1,1,0.314835,cnc_tool_breakage_classifier,1,,,,
inference_event,,2026-03-09 22:27:31.825139+00,95,4.9329,1,1,0.104163,cnc_tool_breakage_classifier,1,,,,
inference_event,,2026-03-09 22:27:31.878368+00,96,16.1258,1,1,0.298633,cnc_tool_breakage_classifier,1,,,,
inference_event,,2026-03-09 22:27:31.929632+00,97,85.7001,1,1,0.291155,cnc_tool_breakage_classifier,1,,,,
inference_event,,2026-03-09 22:27:31.980077+00,98,133.7507,1,0,0.160834,cnc_tool_breakage_classifier,1,,,,
inference_event,,2026-03-09 22:27:32.031073+00,99,23.0055,1,0,0.221449,cnc_tool_breakage_classifier,1,,,,
inference_event,,2026-03-09 22:27:32.082096+00,100,3.506,1,1,0.342442,cnc_tool_breakage_classifier,1,,,,
inference_event,,2026-03-09 22:27:32.133285+00,101,2.8833,1,1,0.246938,cnc_tool_breakage_classifier,1,,,,
inference_event,,2026-03-09 22:27:32.185107+00,102,2.9619,1,1,0.355809,cnc_tool_breakage_classifier,1,,,,
inference_event,,2026-03-09 22:27:32.237838+00,103,3.7818,1,1,0.245869,cnc_tool_breakage_classifier,1,,,,
inference_event,,2026-03-09 22:27:32.289354+00,104,23.8724,1,1,0.312746,cnc_tool_breakage_classifier,1,,,,
inference_event,,2026-03-09 22:27:32.340471+00,105,5.392,1,0,0.300579,cnc_tool_breakage_classifier,1,,,,
inference_event,,2026-03-09 22:27:32.392817+00,106,4.1267,1,0,0.159889,cnc_tool_breakage_classifier,1,,,,
inference_event,,2026-03-09 22:27:32.445248+00,107,33.3447,1,1,0.239783,cnc_tool_breakage_classifier,1,,,,
inference_event,,2026-03-09 22:27:32.496395+00,108,8.1595,1,0,0.273232,cnc_tool_breakage_classifier,1,,,,
inference_event,,2026-03-09 22:27:32.547529+00,109,14.9234,1,1,0.180694,cnc_tool_breakage_classifier,1,,,,
inference_event,,2026-03-09 22:27:32.600617+00,110,9.5708,1,1,0.381675,cnc_tool_breakage_classifier,1,,,,
inference_event,,2026-03-09 22:27:32.651127+00,111,3.4487,1,1,0.255572,cnc_tool_breakage_classifier,1,,,,
inference_event,,2026-03-09 22:27:32.704613+00,112,8.085,1,1,0.243519,cnc_tool_breakage_classifier,1,,,,
inference_event,,2026-03-09 22:27:32.756424+00,113,8.5737,1,1,0.38878,cnc_tool_breakage_classifier,1,,,,
inference_event,,2026-03-09 22:27:32.809478+00,114,4.0612,1,1,0.31323,cnc_tool_breakage_classifier,1,,,,
inference_event,,2026-03-09 22:27:32.864604+00,115,12.2227,0,0,0.430065,cnc_tool_breakage_classifier,1,,,,
inference_event,,2026-03-09 22:27:32.918074+00,116,4.635,1,1,0.199084,cnc_tool_breakage_classifier,1,,,,
inference_event,,2026-03-09 22:27:32.970959+00,117,8.0148,1,1,0.240748,cnc_tool_breakage_classifier,1,,,,
inference_event,,2026-03-09 22:27:33.024422+00,118,4.231,1,1,0.307377,cnc_tool_breakage_classifier,1,,,,
inference_event,,2026-03-09 22:27:33.080201+00,119,19.28,1,1,0.214153,cnc_tool_breakage_classifier,1,,,,
inference_event,,2026-03-09 22:27:33.134482+00,120,6.9101,1,1,0.260128,cnc_tool_breakage_classifier,1,,,,
inference_event,,2026-03-09 22:27:33.188406+00,121,12.5943,0,0,0.386901,cnc_tool_breakage_classifier,1,,,,
inference_event,,2026-03-09 22:27:33.244141+00,122,22.3807,0,0,0.286165,cnc_tool_breakage_classifier,1,,,,
inference_event,,2026-03-09 22:27:33.296004+00,123,23.8405,1,0,0.278563,cnc_tool_breakage_classifier,1,,,,
inference_event,,2026-03-09 22:27:33.349588+00,124,9.2067,1,0,0.319976,cnc_tool_breakage_classifier,1,,,,
inference_event,,2026-03-09 22:27:33.405098+00,125,8.4249,1,1,0.247295,cnc_tool_breakage_classifier,1,,,,
inference_event,,2026-03-09 22:27:33.461146+00,126,15.2626,1,1,0.273401,cnc_tool_breakage_classifier,1,,,,
inference_event,,2026-03-09 22:27:33.515492+00,127,12.6295,1,1,0.239948,cnc_tool_breakage_classifier,1,,,,
inference_event,,2026-03-09 22:27:33.571106+00,128,24.405,1,1,0.231676,cnc_tool_breakage_classifier,1,,,,
inference_event,,2026-03-09 22:27:33.623647+00,129,13.3003,1,1,0.308039,cnc_tool_breakage_classifier,1,,,,
inference_event,,2026-03-09 22:27:33.674903+00,130,27.6559,1,1,0.234919,cnc_tool_breakage_classifier,1,,,,
inference_event,,2026-03-09 22:27:33.731129+00,131,21.8175,1,1,0.241659,cnc_tool_breakage_classifier,1,,,,
inference_event,,2026-03-09 22:27:33.787133+00,132,18.0162,0,1,0.357025,cnc_tool_breakage_classifier,1,,,,
inference_event,,2026-03-09 22:27:33.841992+00,133,36.6265,1,0,0.288988,cnc_tool_breakage_classifier,1,,,,
inference_event,,2026-03-09 22:27:33.893266+00,134,3.5388,1,1,0.258896,cnc_tool_breakage_classifier,1,,,,
inference_event,,2026-03-09 22:27:33.944363+00,135,11.5889,1,1,0.257628,cnc_tool_breakage_classifier,1,,,,
inference_event,,2026-03-09 22:27:34.000134+00,136,27.7511,1,1,0.354883,cnc_tool_breakage_classifier,1,,,,
inference_event,,2026-03-09 22:27:34.055567+00,137,58.9335,1,0,0.174717,cnc_tool_breakage_classifier,1,,,,
inference_event,,2026-03-09 22:27:34.106171+00,138,41.3862,1,1,0.287098,cnc_tool_breakage_classifier,1,,,,
inference_event,,2026-03-09 22:27:34.157072+00,139,3.8544,0,0,0.306613,cnc_tool_breakage_classifier,1,,,,
inference_event,,2026-03-09 22:27:34.208867+00,140,52.0782,1,1,0.210514,cnc_tool_breakage_classifier,1,,,,
inference_event,,2026-03-09 22:27:34.260599+00,141,3.453,0,0,0.264786,cnc_tool_breakage_classifier,1,,,,
inference_event,,2026-03-09 22:27:34.313233+00,142,3.1732,1,1,0.237134,cnc_tool_breakage_classifier,1,,,,
inference_event,,2026-03-09 22:27:34.369098+00,143,19.5525,1,0,0.332957,cnc_tool_breakage_classifier,1,,,,
inference_event,,2026-03-09 22:27:34.421721+00,144,7.3962,1,1,0.329042,cnc_tool_breakage_classifier,1,,,,
inference_event,,2026-03-09 22:27:34.476518+00,145,70.709,1,0,0.387081,cnc_tool_breakage_classifier,1,,,,
inference_event,,2026-03-09 22:27:34.527285+00,146,72.6316,1,1,0.204292,cnc_tool_breakage_classifier,1,,,,
inference_event,,2026-03-09 22:27:34.578092+00,147,8.3746,1,1,0.252872,cnc_tool_breakage_classifier,1,,,,
inference_event,,2026-03-09 22:27:34.629086+00,148,2.8565,1,0,0.220282,cnc_tool_breakage_classifier,1,,,,
inference_event,,2026-03-09 22:27:34.680386+00,149,17.5309,1,0,0.321846,cnc_tool_breakage_classifier,1,,,,
inference_event,,2026-03-09 22:27:34.731888+00,150,22.169,1,1,0.360511,cnc_tool_breakage_classifier,1,,,,
inference_event,,2026-03-09 22:27:34.783696+00,151,2.7883,1,1,0.241931,cnc_tool_breakage_classifier,1,,,,
inference_event,,2026-03-09 22:27:34.836105+00,152,8.6359,1,0,0.135868,cnc_tool_breakage_classifier,1,,,,
inference_event,,2026-03-09 22:27:34.889342+00,153,6.5723,1,0,0.328809,cnc_tool_breakage_classifier,1,,,,
inference_event,,2026-03-09 22:27:34.94232+00,154,3.439,1,0,0.290711,cnc_tool_breakage_classifier,1,,,,
inference_event,,2026-03-09 22:27:34.995412+00,155,9.6015,1,1,0.306254,cnc_tool_breakage_classifier,1,,,,
inference_event,,2026-03-09 22:27:35.046782+00,156,5.9116,1,1,0.197512,cnc_tool_breakage_classifier,1,,,,
inference_event,,2026-03-09 22:27:35.100819+00,157,12.8065,1,1,0.323746,cnc_tool_breakage_classifier,1,,,,
inference_event,,2026-03-09 22:27:35.154552+00,158,7.9585,1,1,0.240294,cnc_tool_breakage_classifier,1,,,,
inference_event,,2026-03-09 22:27:35.206179+00,159,7.2117,1,1,0.256311,cnc_tool_breakage_classifier,1,,,,
inference_event,,2026-03-09 22:27:35.258215+00,160,5.2192,1,1,0.381838,cnc_tool_breakage_classifier,1,,,,
inference_event,,2026-03-09 22:27:35.309623+00,161,84.579,1,1,0.294119,cnc_tool_breakage_classifier,1,,,,
inference_event,,2026-03-09 22:27:35.360211+00,162,76.6117,1,1,0.21802,cnc_tool_breakage_classifier,1,,,,
inference_event,,2026-03-09 22:27:35.411166+00,163,75.4817,1,1,0.180041,cnc_tool_breakage_classifier,1,,,,
inference_event,,2026-03-09 22:27:35.462144+00,164,69.5863,1,1,0.223657,cnc_tool_breakage_classifier,1,,,,
inference_event,,2026-03-09 22:27:35.513074+00,165,20.9228,1,1,0.189846,cnc_tool_breakage_classifier,1,,,,
inference_event,,2026-03-09 22:27:35.565084+00,166,44.2799,1,1,0.302172,cnc_tool_breakage_classifier,1,,,,
inference_event,,2026-03-09 22:27:35.616097+00,167,77.4906,1,1,0.368748,cnc_tool_breakage_classifier,1,,,,
inference_event,,2026-03-09 22:27:35.668211+00,168,2.9997,1,1,0.322692,cnc_tool_breakage_classifier,1,,,,
inference_event,,2026-03-09 22:27:35.719154+00,169,6.5251,0,0,0.2482,cnc_tool_breakage_classifier,1,,,,
inference_event,,2026-03-09 22:27:35.770092+00,170,7.2106,0,0,0.18747,cnc_tool_breakage_classifier,1,,,,
inference_event,,2026-03-09 22:27:35.821218+00,171,3.0148,0,1,0.255169,cnc_tool_breakage_classifier,1,,,,
inference_event,,2026-03-09 22:27:35.873355+00,172,3.9585,1,0,0.287202,cnc_tool_breakage_classifier,1,,,,
inference_event,,2026-03-09 22:27:35.925796+00,173,20.0087,1,1,0.201744,cnc_tool_breakage_classifier,1,,,,
inference_event,,2026-03-09 22:27:35.977815+00,174,9.7252,1,1,0.34287,cnc_tool_breakage_classifier,1,,,,
inference_event,,2026-03-09 22:27:36.031358+00,175,6.7277,1,1,0.204477,cnc_tool_breakage_classifier,1,,,,
inference_event,,2026-03-09 22:27:36.083266+00,176,9.8889,1,0,0.162093,cnc_tool_breakage_classifier,1,,,,
inference_event,,2026-03-09 22:27:36.134423+00,177,4.0091,1,0,0.404276,cnc_tool_breakage_classifier,1,,,,
inference_event,,2026-03-09 22:27:36.186166+00,178,9.6691,1,0,0.296157,cnc_tool_breakage_classifier,1,,,,
inference_event,,2026-03-09 22:27:36.2393+00,179,8.98,0,0,0.244215,cnc_tool_breakage_classifier,1,,,,
inference_event,,2026-03-09 22:27:36.292789+00,180,8.3694,1,1,0.163596,cnc_tool_breakage_classifier,1,,,,
inference_event,,2026-03-09 22:27:36.346671+00,181,8.8861,1,1,0.406185,cnc_tool_breakage_classifier,1,,,,
inference_event,,2026-03-09 22:27:36.398886+00,182,13.1527,1,1,0.285331,cnc_tool_breakage_classifier,1,,,,
inference_event,,2026-03-09 22:27:36.452325+00,183,10.085,1,1,0.305163,cnc_tool_breakage_classifier,1,,,,
inference_event,,2026-03-09 22:27:36.505304+00,184,7.4243,1,1,0.258893,cnc_tool_breakage_classifier,1,,,,
inference_event,,2026-03-09 22:27:36.557922+00,185,4.0897,1,1,0.147128,cnc_tool_breakage_classifier,1,,,,
inference_event,,2026-03-09 22:27:36.613654+00,186,13.4003,1,1,0.250062,cnc_tool_breakage_classifier,1,,,,
inference_event,,2026-03-09 22:27:36.667338+00,187,6.0023,1,1,0.159391,cnc_tool_breakage_classifier,1,,,,
inference_event,,2026-03-09 22:27:36.722005+00,188,13.635,1,1,0.207265,cnc_tool_breakage_classifier,1,,,,
inference_event,,2026-03-09 22:27:36.774769+00,189,12.2126,1,0,0.269137,cnc_tool_breakage_classifier,1,,,,
inference_event,,2026-03-09 22:27:36.828587+00,190,32.2165,1,0,0.128825,cnc_tool_breakage_classifier,1,,,,
inference_event,,2026-03-09 22:27:36.880317+00,191,15.8432,1,1,0.305771,cnc_tool_breakage_classifier,1,,,,
inference_event,,2026-03-09 22:27:36.932053+00,192,30.5871,1,0,0.210622,cnc_tool_breakage_classifier,1,,,,
inference_event,,2026-03-09 22:27:36.984045+00,193,18.0654,0,1,0.264687,cnc_tool_breakage_classifier,1,,,,
inference_event,,2026-03-09 22:27:37.035344+00,194,19.3811,1,1,0.334515,cnc_tool_breakage_classifier,1,,,,
inference_event,,2026-03-09 22:27:37.086673+00,195,9.3487,1,1,0.215854,cnc_tool_breakage_classifier,1,,,,
inference_event,,2026-03-09 22:27:37.143125+00,196,83.8717,0,0,0.300877,cnc_tool_breakage_classifier,1,,,,
inference_event,,2026-03-09 22:27:37.194065+00,197,45.1554,1,1,0.154045,cnc_tool_breakage_classifier,1,,,,
inference_event,,2026-03-09 22:27:37.245111+00,198,14.5668,1,0,0.334817,cnc_tool_breakage_classifier,1,,,,
inference_event,,2026-03-09 22:27:37.296162+00,199,17.0993,1,1,0.260474,cnc_tool_breakage_classifier,1,,,,
inference_event,,2026-03-09 22:27:37.347101+00,200,25.4853,1,1,0.098945,cnc_tool_breakage_classifier,1,,,,
inference_event,,2026-03-09 22:27:37.39811+00,201,6.9045,1,1,0.231404,cnc_tool_breakage_classifier,1,,,,
inference_event,,2026-03-09 22:27:37.451866+00,202,9.5463,1,0,0.310987,cnc_tool_breakage_classifier,1,,,,
inference_event,,2026-03-09 22:27:37.508128+00,203,4.6751,1,1,0.16325,cnc_tool_breakage_classifier,1,,,,
inference_event,,2026-03-09 22:27:37.560905+00,204,10.9553,1,0,0.379805,cnc_tool_breakage_classifier,1,,,,
inference_event,,2026-03-09 22:27:37.614458+00,205,13.7389,1,1,0.208048,cnc_tool_breakage_classifier,1,,,,
inference_event,,2026-03-09 22:27:37.667576+00,206,11.0181,1,1,0.280292,cnc_tool_breakage_classifier,1,,,,
inference_event,,2026-03-09 22:27:37.721328+00,207,7.2522,0,1,0.213012,cnc_tool_breakage_classifier,1,,,,
inference_event,,2026-03-09 22:27:37.776136+00,208,4.1585,1,0,0.187281,cnc_tool_breakage_classifier,1,,,,
inference_event,,2026-03-09 22:27:37.830809+00,209,14.1731,1,1,0.213855,cnc_tool_breakage_classifier,1,,,,
inference_event,,2026-03-09 22:27:37.88713+00,210,4.7517,1,1,0.260129,cnc_tool_breakage_classifier,1,,,,
inference_event,,2026-03-09 22:27:37.943083+00,211,8.6747,1,1,0.223319,cnc_tool_breakage_classifier,1,,,,
inference_event,,2026-03-09 22:27:37.999089+00,212,6.947,0,1,0.326269,cnc_tool_breakage_classifier,1,,,,
inference_event,,2026-03-09 22:27:38.051882+00,213,10.544,1,1,0.239382,cnc_tool_breakage_classifier,1,,,,
inference_event,,2026-03-09 22:27:38.104427+00,214,7.7294,0,1,0.338232,cnc_tool_breakage_classifier,1,,,,
inference_event,,2026-03-09 22:27:38.155462+00,215,14.7256,0,1,0.243016,cnc_tool_breakage_classifier,1,,,,
inference_event,,2026-03-09 22:27:38.211115+00,216,8.2392,1,1,0.320019,cnc_tool_breakage_classifier,1,,,,
inference_event,,2026-03-09 22:27:38.267082+00,217,9.4153,1,1,0.360177,cnc_tool_breakage_classifier,1,,,,
inference_event,,2026-03-09 22:27:38.323144+00,218,6.3012,1,1,0.217938,cnc_tool_breakage_classifier,1,,,,
inference_event,,2026-03-09 22:27:38.379131+00,219,7.8422,1,1,0.338793,cnc_tool_breakage_classifier,1,,,,
inference_event,,2026-03-09 22:27:38.431263+00,220,15.1272,1,1,0.297707,cnc_tool_breakage_classifier,1,,,,
inference_event,,2026-03-09 22:27:38.484558+00,221,3.5848,1,0,0.234036,cnc_tool_breakage_classifier,1,,,,
inference_event,,2026-03-09 22:27:38.536961+00,222,9.7008,1,1,0.33327,cnc_tool_breakage_classifier,1,,,,
inference_event,,2026-03-09 22:27:38.592796+00,223,15.4237,1,0,0.249459,cnc_tool_breakage_classifier,1,,,,
inference_event,,2026-03-09 22:27:38.647191+00,224,10.5484,1,1,0.165444,cnc_tool_breakage_classifier,1,,,,
inference_event,,2026-03-09 22:27:38.703182+00,225,7.4555,1,1,0.300901,cnc_tool_breakage_classifier,1,,,,
inference_event,,2026-03-09 22:27:38.757593+00,226,10.3797,1,1,0.297209,cnc_tool_breakage_classifier,1,,,,
inference_event,,2026-03-09 22:27:38.814145+00,227,6.1534,1,1,0.347197,cnc_tool_breakage_classifier,1,,,,
inference_event,,2026-03-09 22:27:38.8688+00,228,9.3898,1,1,0.303523,cnc_tool_breakage_classifier,1,,,,
inference_event,,2026-03-09 22:27:38.920751+00,229,8.2764,1,0,0.253488,cnc_tool_breakage_classifier,1,,,,
inference_event,,2026-03-09 22:27:38.974689+00,230,4.293,1,1,0.284613,cnc_tool_breakage_classifier,1,,,,
inference_event,,2026-03-09 22:27:39.031127+00,231,7.4265,1,1,0.322685,cnc_tool_breakage_classifier,1,,,,
inference_event,,2026-03-09 22:27:39.087142+00,232,8.3828,1,1,0.229234,cnc_tool_breakage_classifier,1,,,,
inference_event,,2026-03-09 22:27:39.138646+00,233,7.9993,1,1,0.293393,cnc_tool_breakage_classifier,1,,,,
inference_event,,2026-03-09 22:27:39.195147+00,234,8.588,1,1,0.189136,cnc_tool_breakage_classifier,1,,,,
inference_event,,2026-03-09 22:27:39.250592+00,235,28.7324,1,1,0.238602,cnc_tool_breakage_classifier,1,,,,
inference_event,,2026-03-09 22:27:39.30479+00,236,7.757,1,1,0.196662,cnc_tool_breakage_classifier,1,,,,
inference_event,,2026-03-09 22:27:39.357025+00,237,5.4256,0,1,0.344714,cnc_tool_breakage_classifier,1,,,,
inference_event,,2026-03-09 22:27:39.413149+00,238,8.486,0,1,0.183072,cnc_tool_breakage_classifier,1,,,,
inference_event,,2026-03-09 22:27:39.467064+00,239,9.2457,1,1,0.18885,cnc_tool_breakage_classifier,1,,,,
inference_event,,2026-03-09 22:27:39.51984+00,240,9.6594,1,0,0.290722,cnc_tool_breakage_classifier,1,,,,
inference_event,,2026-03-09 22:27:39.57332+00,241,5.6299,1,1,0.307507,cnc_tool_breakage_classifier,1,,,,
inference_event,,2026-03-09 22:27:39.626497+00,242,9.2997,1,1,0.278459,cnc_tool_breakage_classifier,1,,,,
inference_event,,2026-03-09 22:27:39.677547+00,243,7.3985,1,0,0.207742,cnc_tool_breakage_classifier,1,,,,
inference_event,,2026-03-09 22:27:39.730405+00,244,38.5747,1,0,0.328827,cnc_tool_breakage_classifier,1,,,,
inference_event,,2026-03-09 22:27:39.783925+00,245,2.9058,0,1,0.281802,cnc_tool_breakage_classifier,1,,,,
inference_event,,2026-03-09 22:27:39.835685+00,246,50.9867,0,0,0.290121,cnc_tool_breakage_classifier,1,,,,
inference_event,,2026-03-09 22:27:39.887554+00,247,2.8375,1,1,0.207149,cnc_tool_breakage_classifier,1,,,,
inference_event,,2026-03-09 22:27:39.939266+00,248,12.2165,1,1,0.201973,cnc_tool_breakage_classifier,1,,,,
inference_event,,2026-03-09 22:27:39.990378+00,249,6.1883,1,1,0.367443,cnc_tool_breakage_classifier,1,,,,
inference_event,,2026-03-09 22:27:40.043076+00,250,10.4515,1,1,0.224354,cnc_tool_breakage_classifier,1,,,,
inference_event,,2026-03-09 22:27:40.096327+00,251,12.491,1,1,0.167995,cnc_tool_breakage_classifier,1,,,,
inference_event,,2026-03-09 22:27:40.147698+00,252,6.1288,1,1,0.263091,cnc_tool_breakage_classifier,1,,,,
inference_event,,2026-03-09 22:27:40.201165+00,253,12.1838,0,1,0.238035,cnc_tool_breakage_classifier,1,,,,
inference_event,,2026-03-09 22:27:40.253142+00,254,17.5152,1,0,0.294545,cnc_tool_breakage_classifier,1,,,,
inference_event,,2026-03-09 22:27:40.306071+00,255,14.6917,1,1,0.180087,cnc_tool_breakage_classifier,1,,,,
inference_event,,2026-03-09 22:27:40.357838+00,256,34.9473,1,0,0.261397,cnc_tool_breakage_classifier,1,,,,
inference_event,,2026-03-09 22:27:40.411513+00,257,10.6358,1,1,0.299784,cnc_tool_breakage_classifier,1,,,,
inference_event,,2026-03-09 22:27:40.467107+00,258,77.4563,1,1,0.251553,cnc_tool_breakage_classifier,1,,,,
inference_event,,2026-03-09 22:27:40.518081+00,259,2.8288,1,1,0.269526,cnc_tool_breakage_classifier,1,,,,
inference_event,,2026-03-09 22:27:40.570391+00,260,16.5575,1,1,0.288159,cnc_tool_breakage_classifier,1,,,,
inference_event,,2026-03-09 22:27:40.623455+00,261,28.8344,1,1,0.253696,cnc_tool_breakage_classifier,1,,,,
inference_event,,2026-03-09 22:27:40.674683+00,262,13.9055,0,0,0.201707,cnc_tool_breakage_classifier,1,,,,
inference_event,,2026-03-09 22:27:40.730336+00,263,71.6577,1,0,0.215688,cnc_tool_breakage_classifier,1,,,,
inference_event,,2026-03-09 22:27:40.781142+00,264,21.0121,1,1,0.2873,cnc_tool_breakage_classifier,1,,,,
inference_event,,2026-03-09 22:27:40.832185+00,265,2.9238,1,1,0.268102,cnc_tool_breakage_classifier,1,,,,
inference_event,,2026-03-09 22:27:40.886609+00,266,9.309,1,0,0.361008,cnc_tool_breakage_classifier,1,,,,
inference_event,,2026-03-09 22:27:40.939415+00,267,14.821,1,1,0.251664,cnc_tool_breakage_classifier,1,,,,
inference_event,,2026-03-09 22:27:40.990696+00,268,71.6271,1,1,0.243417,cnc_tool_breakage_classifier,1,,,,
inference_event,,2026-03-09 22:27:41.042187+00,269,2.9056,1,0,0.379606,cnc_tool_breakage_classifier,1,,,,
inference_event,,2026-03-09 22:27:41.094244+00,270,7.5252,1,1,0.374147,cnc_tool_breakage_classifier,1,,,,
inference_event,,2026-03-09 22:27:41.147437+00,271,7.3194,1,1,0.174732,cnc_tool_breakage_classifier,1,,,,
inference_event,,2026-03-09 22:27:41.201135+00,272,37.4259,1,1,0.236033,cnc_tool_breakage_classifier,1,,,,
inference_event,,2026-03-09 22:27:41.255328+00,273,14.2662,1,0,0.167083,cnc_tool_breakage_classifier,1,,,,
inference_event,,2026-03-09 22:27:41.306341+00,274,14.9827,1,1,0.407717,cnc_tool_breakage_classifier,1,,,,
inference_event,,2026-03-09 22:27:41.358793+00,275,3.8475,1,1,0.226064,cnc_tool_breakage_classifier,1,,,,
inference_event,,2026-03-09 22:27:41.415115+00,276,23.5561,1,1,0.408079,cnc_tool_breakage_classifier,1,,,,
inference_event,,2026-03-09 22:27:41.467556+00,277,9.5283,1,1,0.352409,cnc_tool_breakage_classifier,1,,,,
inference_event,,2026-03-09 22:27:41.518847+00,278,7.2966,1,1,0.170924,cnc_tool_breakage_classifier,1,,,,
inference_event,,2026-03-09 22:27:41.574905+00,279,36.816,1,1,0.212003,cnc_tool_breakage_classifier,1,,,,
inference_event,,2026-03-09 22:27:41.629383+00,280,17.6077,1,1,0.282574,cnc_tool_breakage_classifier,1,,,,
inference_event,,2026-03-09 22:27:41.682023+00,281,5.7347,1,1,0.306083,cnc_tool_breakage_classifier,1,,,,
inference_event,,2026-03-09 22:27:41.734447+00,282,11.5877,1,1,0.304452,cnc_tool_breakage_classifier,1,,,,
inference_event,,2026-03-09 22:27:41.785406+00,283,16.7753,1,1,0.232862,cnc_tool_breakage_classifier,1,,,,
inference_event,,2026-03-09 22:27:41.836115+00,284,8.2644,1,0,0.289504,cnc_tool_breakage_classifier,1,,,,
inference_event,,2026-03-09 22:27:41.892121+00,285,4.7136,1,1,0.24726,cnc_tool_breakage_classifier,1,,,,
inference_event,,2026-03-09 22:27:41.943172+00,286,94.1082,0,1,0.181786,cnc_tool_breakage_classifier,1,,,,
inference_event,,2026-03-09 22:27:41.994109+00,287,92.1723,1,1,0.249791,cnc_tool_breakage_classifier,1,,,,
inference_event,,2026-03-09 22:27:42.045195+00,288,3.5614,1,1,0.254569,cnc_tool_breakage_classifier,1,,,,
inference_event,,2026-03-09 22:27:42.096228+00,289,2.6932,1,1,0.340416,cnc_tool_breakage_classifier,1,,,,
inference_event,,2026-03-09 22:27:42.148192+00,290,3.8905,1,0,0.244729,cnc_tool_breakage_classifier,1,,,,
inference_event,,2026-03-09 22:27:42.20051+00,291,12.9425,1,1,0.367062,cnc_tool_breakage_classifier,1,,,,
inference_event,,2026-03-09 22:27:42.251317+00,292,11.2193,1,0,0.197619,cnc_tool_breakage_classifier,1,,,,
inference_event,,2026-03-09 22:27:42.302459+00,293,27.7227,1,1,0.185895,cnc_tool_breakage_classifier,1,,,,
inference_event,,2026-03-09 22:27:42.353271+00,294,8.4491,1,1,0.178811,cnc_tool_breakage_classifier,1,,,,
inference_event,,2026-03-09 22:27:42.405326+00,295,15.817,1,1,0.349973,cnc_tool_breakage_classifier,1,,,,
inference_event,,2026-03-09 22:27:42.455843+00,296,14.9103,1,1,0.185785,cnc_tool_breakage_classifier,1,,,,
inference_event,,2026-03-09 22:27:42.509849+00,297,57.2633,0,1,0.218554,cnc_tool_breakage_classifier,1,,,,
inference_event,,2026-03-09 22:27:42.561151+00,298,55.0396,1,1,0.318527,cnc_tool_breakage_classifier,1,,,,
inference_event,,2026-03-09 22:27:42.612147+00,299,2.9309,1,1,0.304293,cnc_tool_breakage_classifier,1,,,,
inference_event,,2026-03-09 22:27:42.66779+00,300,3.3532,1,0,0.256422,cnc_tool_breakage_classifier,1,,,,
